/*CREATE TABLE orders (
    order_id INT,
    customer_id INT,
    subscription_id INT,
    purchase_date DATE
)

INSERT INTO orders (order_id, customer_id, subscription_id, purchase_date)
VALUES (1, 3, 2, '01-10-2017');

INSERT INTO orders (order_id, customer_id, subscription_id, purchase_date)
VALUES (2, 2, 4, '01-9-2017');

INSERT INTO orders (order_id, customer_id, subscription_id, purchase_date)
VALUES (3, 3, 4, '01-26-2017');

INSERT INTO orders (order_id, customer_id, subscription_id, purchase_date)
VALUES (4, 9, 9, '01-4-2017');

INSERT INTO orders (order_id, customer_id, subscription_id, purchase_date)
VALUES (5, 7, 5, '01-25-2017');

INSERT INTO orders (order_id, customer_id, subscription_id, purchase_date)
VALUES (6, 8, 2, '01-18-2017');

INSERT INTO orders (order_id, customer_id, subscription_id, purchase_date)
VALUES (7, 5, 8, '01-11-2017');

INSERT INTO orders (order_id, customer_id, subscription_id, purchase_date)
VALUES (8, 9, 5, '01-26-2017');

INSERT INTO orders (order_id, customer_id, subscription_id, purchase_date)
VALUES (9, 4, 4, '01-25-2017');

INSERT INTO orders (order_id, customer_id, subscription_id, purchase_date)
VALUES (10, 1, 7, '01-26-2017');

INSERT INTO orders (order_id, customer_id, subscription_id, purchase_date)
VALUES (11, 5, 4, '01-7-2017');

INSERT INTO orders (order_id, customer_id, subscription_id, purchase_date)
VALUES (12, 3, 2, '01-21-2017');

INSERT INTO orders (order_id, customer_id, subscription_id, purchase_date)
VALUES (13, 3, 5, '01-3-2017');

INSERT INTO orders (order_id, customer_id, subscription_id, purchase_date)
VALUES (14, 6, 5, '01-22-2017');

INSERT INTO orders (order_id, customer_id, subscription_id, purchase_date)
VALUES (15, 1, 2, '01-6-2017');

INSERT INTO orders (order_id, customer_id, subscription_id, purchase_date)
VALUES (16, 1, 2, '01-11-2017');

INSERT INTO orders (order_id, customer_id, subscription_id, purchase_date)
VALUES (17, 3, 6, '01-17-2017');

INSERT INTO orders (order_id, customer_id, subscription_id, purchase_date)
VALUES (18, 3, 8, '01-29-2017');

INSERT INTO orders (order_id, customer_id, subscription_id, purchase_date)
VALUES (19, 4, 9, '01-3-2017');

INSERT INTO orders (order_id, customer_id, subscription_id, purchase_date)
VALUES (20, 1, 7, '01-24-2017');

CREATE TABLE subscriptions (
    subscription_id INT,
    description VARCHAR(256),
    price_per_month INT,
    subscription_length TEXT
)*

INSERT INTO subscriptions (subscription_id, description, price_per_month, subscription_length)
VALUES (1, 'Politics Magazine', 10, '12 months');

INSERT INTO subscriptions (subscription_id, description, price_per_month, subscription_length)
VALUES (2, 'Politics Magazine', 11, '6 months');

INSERT INTO subscriptions (subscription_id, description, price_per_month, subscription_length)
VALUES (3, 'Politics Magazine', 12, '3 months');

INSERT INTO subscriptions (subscription_id, description, price_per_month, subscription_length)
VALUES (4, 'Fashion Magazine', 15, '12 months');

INSERT INTO subscriptions (subscription_id, description, price_per_month, subscription_length)
VALUES (5, 'Fashion Magazine', 17, '6 months');

INSERT INTO subscriptions (subscription_id, description, price_per_month, subscription_length)
VALUES (6, 'Fashion Magazine', 19, '3 months');

INSERT INTO subscriptions (subscription_id, description, price_per_month, subscription_length)
VALUES (7, 'Sports Magazine', 11, '12 months');

INSERT INTO subscriptions (subscription_id, description, price_per_month, subscription_length)
VALUES (8, 'Sports Magazine', 12, '6 months');

INSERT INTO subscriptions (subscription_id, description, price_per_month, subscription_length)
VALUES (9, 'Sports Magazine', 13, '3 months');

CREATE TABLE customers (
    customer_id INT,
    customer_name VARCHAR(256),
    address VARCHAR(256)
)

INSERT INTO customers (customer_id, customer_name, address)
VALUES (1, 'Allie Rahaim', '123 Broadway');

INSERT INTO customers (customer_id, customer_name, address)
VALUES (2, 'Jacquline Diddle', '456 Park Ave.');

INSERT INTO customers (customer_id, customer_name, address)
VALUES (3, 'Lizabeth Letsche', '789 Main St.');

INSERT INTO customers (customer_id, customer_name, address)
VALUES (4, 'Jessia Butman', '1 Columbus Ave.');

INSERT INTO customers (customer_id, customer_name, address)
VALUES (5, 'Inocencia Goyco', '12 Amsterdam Ave.');

INSERT INTO customers (customer_id, customer_name, address)
VALUES (6, 'Bethann Schraub', '29 Monticello');

INSERT INTO customers (customer_id, customer_name, address)
VALUES (7, 'Janay Priolo', '81 Harrisburg');

INSERT INTO customers (customer_id, customer_name, address)
VALUES (8, 'Ophelia Sturdnant', '31 Deerfield Ave.');

INSERT INTO customers (customer_id, customer_name, address)
VALUES (9, 'Eryn Vilar', '56 Morton St.');

INSERT INTO customers (customer_id, customer_name, address)
VALUES (10, 'Jina Farraj', '100 Bryan Ave.');*/

SELECT *
FROM orders;

SELECT *
FROM subscriptions;

SELECT *
FROM customers;





